# speciesId	scaffoldId	segmentId	start	end
amphioxus	NC_049979.1	0	209	22050665
amphioxus	NC_049979.1	1	22101992	29689517
amphioxus	NC_049979.1	2	29756366	35269867
amphioxus	NC_049980.1	3	4905	10166369
amphioxus	NC_049980.1	4	10267384	15562511
amphioxus	NC_049980.1	5	15452002	23525347
amphioxus	NC_049980.1	6	23550787	23633459
amphioxus	NC_049980.1	7	23635276	24318049
amphioxus	NC_049980.1	8	24318265	25907681
amphioxus	NC_049980.1	9	25982044	26032980
amphioxus	NC_049980.1	10	26034784	35134533
amphioxus	NC_049981.1	11	5671	16917049
amphioxus	NC_049981.1	12	17478101	34238951
amphioxus	NC_049982.1	13	139	11237044
amphioxus	NC_049982.1	14	11241952	11457245
amphioxus	NC_049982.1	15	11605054	11714037
amphioxus	NC_049982.1	16	11775425	17661126
amphioxus	NC_049982.1	17	17727516	19312316
amphioxus	NC_049982.1	18	19300942	34242545
amphioxus	NC_049983.1	19	17	4721239
amphioxus	NC_049983.1	20	4800647	29544937
amphioxus	NC_049984.1	21	18280	28085650
amphioxus	NC_049985.1	22	25669	14032008
amphioxus	NC_049985.1	23	14035103	25940832
amphioxus	NC_049986.1	24	13847	25570490
amphioxus	NC_049987.1	25	16185	25438888
amphioxus	NC_049988.1	26	10544	23925848
amphioxus	NC_049989.1	27	2246	23529080
amphioxus	NC_049990.1	28	467	22971680
amphioxus	NC_049991.1	29	50236	22406931
amphioxus	NC_049992.1	30	4892	21813864
amphioxus	NC_049993.1	31	38175	607771
amphioxus	NC_049993.1	32	578780	4256031
amphioxus	NC_049993.1	33	4256098	21508210
amphioxus	NC_049994.1	34	115	19138300
amphioxus	NC_049995.1	35	4676	19117197
amphioxus	NC_049996.1	36	1561	18548746
amphioxus	NC_049997.1	37	3631	17102628
amphioxus	NW_023365618.1	38	631	150292
amphioxus	NW_023365633.1	39	19	171002
amphioxus	NW_023365693.1	40	12065	220845
amphioxus	NW_023365694.1	41	12371	124686
amphioxus	NW_023365695.1	42	10312	214262
amphioxus	NW_023365698.1	43	7873	108778
amphioxus	NW_023365699.1	44	8774	99327
amphioxus	NW_023365701.1	45	3413	491096
amphioxus	NW_023365702.1	46	4866	242880
amphioxus	NW_023365704.1	47	1493	302179
amphioxus	NW_023365706.1	48	334	439421
amphioxus	NW_023365707.1	49	199	159016
amphioxus	NW_023365710.1	50	84	119717
amphioxus	NW_023365713.1	51	5602	121855
amphioxus	NW_023365714.1	52	2628	913216
amphioxus	NW_023365716.1	53	14249	1655882
amphioxus	NW_023365721.1	54	9566	115317
amphioxus	NW_023365722.1	55	85	236471
amphioxus	NW_023365724.1	56	103198	334797
amphioxus	NW_023365725.1	57	7401	118336
amphioxus	NW_023365726.1	58	7022	58943
amphioxus	NW_023365728.1	59	6204	285159
amphioxus	NW_023365729.1	60	5885	476975
amphioxus	NW_023365730.1	61	52642	813877
amphioxus	NW_023365731.1	62	14466	145703
amphioxus	NW_023365732.1	63	39736	461061
amphioxus	NW_023365733.1	64	720	140618
amphioxus	NW_023365734.1	65	25412	338124
amphioxus	NW_023365735.1	66	11	155210
amphioxus	NW_023365738.1	67	20740	228769
amphioxus	NW_023365741.1	68	4955	118742
amphioxus	NW_023365742.1	69	37	139635
amphioxus	NW_023365746.1	70	12062	69439
amphioxus	NW_023365749.1	71	4689	342199
amphioxus	NW_023365750.1	72	17725	370733
amphioxus	NW_023365751.1	73	122451	236716
amphioxus	NW_023365754.1	74	12	307636
amphioxus	NW_023365756.1	75	147	177895
amphioxus	NW_023365757.1	76	152	359703
amphioxus	NW_023365758.1	77	16756	653594
amphioxus	NW_023365759.1	78	938	91222
amphioxus	NW_023365760.1	79	1775	44551
amphioxus	NW_023365761.1	80	402	119561
amphioxus	NW_023365762.1	81	2523	366687
amphioxus	NW_023365763.1	82	7	76745
amphioxus	NW_023365764.1	83	6009	193130
amphioxus	NW_023365765.1	84	8955	122944
amphioxus	NW_023365766.1	85	22584	93004
amphioxus	NW_023365769.1	86	13071	141974
amphioxus	NW_023365773.1	87	1062	728651
amphioxus	NW_023365775.1	88	8495	295675
amphioxus	NW_023365776.1	89	14180	91617
amphioxus	NW_023365777.1	90	112843	597587
amphioxus	NW_023365778.1	91	310	67087
amphioxus	NW_023365779.1	92	11546	688186
amphioxus	NW_023365781.1	93	10625	186962
amphioxus	NW_023365782.1	94	914	117250
amphioxus	NW_023365785.1	95	312	399259
amphioxus	NW_023365788.1	96	3804	401050
amphioxus	NW_023365789.1	97	5562	564500
amphioxus	NW_023365790.1	98	37	19545
amphioxus	NW_023365791.1	99	8	306319
amphioxus	NW_023365793.1	100	35634	354695
amphioxus	NW_023365794.1	101	31658	164555
amphioxus	NW_023365802.1	102	17404	163443
amphioxus	NW_023365803.1	103	32341	178157
amphioxus	NW_023365805.1	104	2747	49961
amphioxus	NW_023365806.1	105	549	49483
amphioxus	NW_023365817.1	106	3004	100229
amphioxus	NW_023365820.1	107	39365	602077
amphioxus	NW_023365837.1	108	2295	201038
amphioxus	NW_023365876.1	109	1304	21272
amphioxus	NW_023365881.1	110	49	332681
amphioxus	NW_023365886.1	111	1128	235391
amphioxus	NW_023365891.1	112	33036	125785
amphioxus	NW_023365920.1	113	4856	319803
amphioxus	NW_023365931.1	114	3810	70506
amphioxus	NW_023365936.1	115	5096	186307
amphioxus	NW_023365955.1	116	6004	106340
chicken	1	0	56535	52179880
chicken	1	1	52180055	75740144
chicken	1	2	75759671	80629272
chicken	1	3	80629935	99710402
chicken	1	4	100828671	101189074
chicken	1	5	102089691	117564295
chicken	1	6	117595521	120286676
chicken	1	7	120452998	129976799
chicken	1	8	130107443	170247269
chicken	1	9	170247479	175312953
chicken	1	10	175670034	196191605
chicken	10	11	184528	20158970
chicken	11	12	40154	19514504
chicken	11	13	19503914	19574540
chicken	12	14	45398	2330123
chicken	12	15	2396789	3425040
chicken	12	16	3427899	3463410
chicken	12	17	3466455	20056211
chicken	13	18	144842	896626
chicken	13	19	939967	1445932
chicken	13	20	1492353	11016407
chicken	13	21	11062466	11878261
chicken	13	22	11927648	17685960
chicken	14	23	55332	14993715
chicken	14	24	15135521	15207698
chicken	15	25	48025	12654760
chicken	16	26	32403	2662490
chicken	17	27	32483	11051868
chicken	18	28	664316	1266908
chicken	18	29	1313100	8061929
chicken	18	30	8074751	11558593
chicken	19	31	3515	10311591
chicken	2	32	48630	19901770
chicken	2	33	20035292	78878293
chicken	2	34	78885843	96642012
chicken	2	35	96770611	122791073
chicken	2	36	123855078	145107914
chicken	2	37	145170187	149529459
chicken	20	38	349874	14052870
chicken	20	39	14133510	14231762
chicken	21	40	31967	6782306
chicken	22	41	50769	4647073
chicken	23	42	202141	6143548
chicken	24	43	66115	6398149
chicken	25	44	1097	2973262
chicken	26	45	59357	5286066
chicken	27	46	7199	667177
chicken	27	47	725756	5026676
chicken	27	48	5029036	5198534
chicken	28	49	406282	5389087
chicken	29	50	3251	687862
chicken	3	51	60381	4287004
chicken	3	52	4302881	15012304
chicken	3	53	15015570	26628440
chicken	3	54	26901063	80488192
chicken	3	55	81149095	88322057
chicken	3	56	90411119	110582397
chicken	30	57	1668	755541
chicken	31	58	65990	2453035
chicken	33	59	62806	3832740
chicken	34	60	16155	3419203
chicken	35	61	3910	554126
chicken	36	62	4489	320867
chicken	38	63	1	667150
chicken	39	64	21343	174165
chicken	4	65	26349	18626737
chicken	4	66	18784935	33602352
chicken	4	67	33602396	60361507
chicken	4	68	60368089	76100223
chicken	4	69	76113501	82101941
chicken	4	70	82104833	85144809
chicken	4	71	85147410	90607151
chicken	4	72	90607522	90810611
chicken	5	73	35140	23502339
chicken	5	74	23757933	57828885
chicken	5	75	57848717	57982179
chicken	5	76	58076744	58557868
chicken	6	77	69385	27012627
chicken	6	78	27024398	32056054
chicken	6	79	32058911	35647322
chicken	7	80	106585	36325430
chicken	8	81	55919	29294241
chicken	9	82	119776	18909686
chicken	9	83	18928399	23667882
chicken	MT	84	2824	15483
chicken	W	85	127097	9075367
chicken	Z	86	1530	28302530
chicken	Z	87	28509779	58162436
chicken	Z	88	58222130	61255792
chicken	Z	89	61416090	61691029
chicken	Z	90	61695744	64887596
chicken	Z	91	64887627	69270673
chicken	Z	92	69413102	83324541
chicken	Z	93	83329907	86025235
dog	1	0	48283	4123070
dog	1	1	4725241	15880457
dog	1	2	16179944	23862884
dog	1	3	24896332	69451130
dog	1	4	70075910	97706768
dog	1	5	97965031	122672983
dog	10	6	36430	1844056
dog	10	7	5024537	23563836
dog	10	8	23626657	29609208
dog	10	9	29613440	34357668
dog	10	10	35099635	45094217
dog	10	11	45473945	46180893
dog	10	12	46240435	68471194
dog	10	13	68739148	70325465
dog	11	14	135470	2101950
dog	11	15	2554140	3394914
dog	11	16	3496909	20334199
dog	11	17	20419857	27594868
dog	11	18	27594257	56484664
dog	11	19	56580652	59402209
dog	11	20	59411203	61812959
dog	11	21	61871726	65167910
dog	11	22	65236053	65727816
dog	11	23	66398257	68415748
dog	11	24	68423488	75507534
dog	12	25	7605	3197230
dog	12	26	3290064	6375879
dog	12	27	6755545	9315905
dog	12	28	10275876	11246942
dog	12	29	11322154	36138280
dog	12	30	36205170	72692182
dog	12	31	72834478	73474687
dog	13	32	27795	38887427
dog	13	33	38889614	60718250
dog	13	34	60800329	63767594
dog	14	35	124539	459576
dog	14	36	471346	2493242
dog	14	37	2721426	13007394
dog	14	38	13240015	47994049
dog	14	39	48760282	60998293
dog	15	40	66561	8061962
dog	15	41	7888699	8571199
dog	15	42	8614942	18902012
dog	15	43	18982917	43250720
dog	15	44	43264430	65142214
dog	16	45	71094	5205738
dog	16	46	5117828	7346891
dog	16	47	7388878	22532280
dog	16	48	23065926	24760838
dog	16	49	25050610	33202688
dog	16	50	33258159	55684243
dog	16	51	56012070	57136331
dog	16	52	57167155	61970299
dog	17	53	147401	34744511
dog	17	54	34898959	39733516
dog	17	55	40108912	49563638
dog	17	56	49599642	50097637
dog	17	57	50149305	50638929
dog	17	58	50816555	52320209
dog	17	59	52408523	53715762
dog	17	60	53781750	57401965
dog	17	61	57448570	58485242
dog	17	62	58999636	59494760
dog	17	63	59617030	63174306
dog	17	64	63670920	65403729
dog	18	65	83513	12284626
dog	18	66	12473549	24071806
dog	18	67	25880965	39044588
dog	18	68	39050781	39477126
dog	18	69	39605471	42181883
dog	18	70	42208793	50463529
dog	18	71	50705713	56835393
dog	19	72	33463	19241524
dog	19	73	19256016	21648830
dog	19	74	21690527	24448918
dog	19	75	24500234	55244679
dog	2	76	236829	20536956
dog	2	77	20599252	21910598
dog	2	78	21932748	30912716
dog	2	79	32039804	34506181
dog	2	80	35125241	42853029
dog	2	81	42991109	57848312
dog	2	82	57852383	68392023
dog	2	83	68977762	76867216
dog	2	84	76956623	86143996
dog	20	85	32083	402864
dog	20	86	522954	41142264
dog	20	87	41145066	41278516
dog	20	88	41585582	44005257
dog	20	89	44191580	53120403
dog	20	90	53136686	54434910
dog	20	91	54440903	58838997
dog	21	92	609104	30753273
dog	21	93	30753914	52087186
dog	22	94	104790	62068946
dog	23	95	53569	1976139
dog	23	96	2001001	7473516
dog	23	97	8058903	29113476
dog	23	98	29902343	31003133
dog	23	99	31116045	53160310
dog	24	100	75012	16606242
dog	24	101	16765270	17127036
dog	24	102	17263381	19070430
dog	24	103	19131583	48811495
dog	25	104	120070	10476852
dog	25	105	11185711	18748405
dog	25	106	18750343	25157016
dog	25	107	25294466	30518831
dog	25	108	30523351	35807992
dog	25	109	37105537	37712406
dog	25	110	37721848	45103429
dog	25	111	45111123	48851525
dog	25	112	48889191	49097953
dog	25	113	50312005	50709964
dog	25	114	50721186	51729502
dog	26	115	70475	40505350
dog	27	116	14028	7036535
dog	27	117	7095266	25788145
dog	27	118	25819891	26482814
dog	27	119	26521192	34506857
dog	27	120	34661319	38961808
dog	27	121	39011012	46227184
dog	28	122	241790	22893893
dog	28	123	23736405	41832892
dog	29	124	22025	41964052
dog	3	125	42909	31117415
dog	3	126	31148347	31534551
dog	3	127	31614100	37360220
dog	3	128	37383041	58870355
dog	3	129	58945625	92480515
dog	3	130	92482112	92848345
dog	30	131	14657	960766
dog	30	132	1050264	10143085
dog	30	133	10158041	40391328
dog	31	134	98938	20427776
dog	31	135	20648764	25156258
dog	31	136	25179529	25945875
dog	31	137	25995174	30838631
dog	31	138	30849980	37560658
dog	31	139	37704127	38071702
dog	31	140	38098741	39482534
dog	32	141	89053	18157297
dog	32	142	20177345	38826048
dog	33	143	29998	5488214
dog	33	144	5535357	25079355
dog	33	145	25170101	25759543
dog	33	146	25801097	28819687
dog	33	147	28888355	31621700
dog	34	148	10245	4998657
dog	34	149	6045476	11877892
dog	34	150	12262445	42160868
dog	35	151	25908	23697501
dog	35	152	23717868	26822406
dog	36	153	398153	30907569
dog	37	154	46310	26120394
dog	37	155	27697197	30912781
dog	38	156	67702	2770035
dog	38	157	2876213	6761233
dog	38	158	10029452	17017672
dog	38	159	17091457	20777388
dog	38	160	21003858	23763035
dog	38	161	23801419	23994263
dog	4	162	80493	2350533
dog	4	163	2391241	10146223
dog	4	164	10427513	36047224
dog	4	165	36142376	60386310
dog	4	166	60943182	75843660
dog	4	167	76292607	88999454
dog	5	168	680369	10648789
dog	5	169	10665681	21765290
dog	5	170	22343710	29713770
dog	5	171	29962428	31494363
dog	5	172	31684171	33254306
dog	5	173	33269415	39514178
dog	5	174	39554012	43150397
dog	5	175	43381997	56039676
dog	5	176	56183868	63568238
dog	5	177	63800302	87890018
dog	6	178	132462	8363025
dog	6	179	8396822	16420573
dog	6	180	16871332	40759901
dog	6	181	40969286	42936515
dog	6	182	43029957	77996499
dog	7	183	36981	1907406
dog	7	184	1951103	5277364
dog	7	185	5506504	8147202
dog	7	186	8249411	12196693
dog	7	187	12678888	13175848
dog	7	188	13157036	28729947
dog	7	189	28760505	31285026
dog	7	190	31353483	35563350
dog	7	191	35660282	40162517
dog	7	192	40240066	43491276
dog	7	193	43649269	45157558
dog	7	194	45276954	53359116
dog	7	195	53359215	78496232
dog	7	196	78661586	81028280
dog	8	197	50999	788172
dog	8	198	1103691	2029437
dog	8	199	2032042	72893965
dog	8	200	72875602	75218270
dog	9	201	25244	6351686
dog	9	202	6470881	10566784
dog	9	203	10571551	13506208
dog	9	204	13565121	18737242
dog	9	205	18752107	26964819
dog	9	206	27051040	32496402
dog	9	207	32679552	39764012
dog	9	208	39822311	41318708
dog	9	209	41324628	41922353
dog	9	210	42348384	48510033
dog	9	211	48541012	61965521
dog	X	212	26404	14715910
dog	X	213	14878362	20133271
dog	X	214	20499238	40815685
dog	X	215	40871811	127036210
elephant_shark	KI635855.1	0	11732	3554632
elephant_shark	KI635855.1	1	3617727	18238540
elephant_shark	KI635856.1	2	15056	17030266
elephant_shark	KI635857.1	3	8702	16436194
elephant_shark	KI635858.1	4	7356	9668901
elephant_shark	KI635858.1	5	10859856	12023624
elephant_shark	KI635858.1	6	12988698	16415864
elephant_shark	KI635859.1	7	16257	14494290
elephant_shark	KI635859.1	8	14673754	14952756
elephant_shark	KI635860.1	9	9243	10676347
elephant_shark	KI635860.1	10	10762834	13909424
elephant_shark	KI635861.1	11	2118	3601457
elephant_shark	KI635861.1	12	3627148	4446852
elephant_shark	KI635861.1	13	4548723	12184456
elephant_shark	KI635861.1	14	12210921	13449580
elephant_shark	KI635862.1	15	13720	2288345
elephant_shark	KI635862.1	16	2291384	12592759
elephant_shark	KI635863.1	17	9264	2073537
elephant_shark	KI635863.1	18	2231097	5431582
elephant_shark	KI635863.1	19	5724186	12345396
elephant_shark	KI635863.1	20	12346503	12610058
elephant_shark	KI635864.1	21	12152	11902966
elephant_shark	KI635865.1	22	176323	9017428
elephant_shark	KI635865.1	23	9388507	10776093
elephant_shark	KI635865.1	24	11030998	11547345
elephant_shark	KI635866.1	25	2504	11525221
elephant_shark	KI635867.1	26	4532	3788262
elephant_shark	KI635867.1	27	3797578	4184395
elephant_shark	KI635867.1	28	4188999	5252213
elephant_shark	KI635867.1	29	6171200	7052620
elephant_shark	KI635867.1	30	7175567	9583499
elephant_shark	KI635867.1	31	10080434	10511254
elephant_shark	KI635868.1	32	10614	9996116
elephant_shark	KI635869.1	33	42	9903066
elephant_shark	KI635870.1	34	71414	2537559
elephant_shark	KI635870.1	35	2723515	4558613
elephant_shark	KI635870.1	36	4681230	8992383
elephant_shark	KI635870.1	37	9454156	9849445
elephant_shark	KI635871.1	38	50429	9136785
elephant_shark	KI635871.1	39	9280113	9843648
elephant_shark	KI635872.1	40	21365	1192217
elephant_shark	KI635872.1	41	1192699	9245636
elephant_shark	KI635872.1	42	9400491	9617100
elephant_shark	KI635873.1	43	83928	5255702
elephant_shark	KI635873.1	44	5456399	9378700
elephant_shark	KI635874.1	45	9148	9213337
elephant_shark	KI635875.1	46	94710	4338376
elephant_shark	KI635875.1	47	4481562	7038721
elephant_shark	KI635875.1	48	7367390	9045585
elephant_shark	KI635876.1	49	58609	8855219
elephant_shark	KI635877.1	50	93938	8799717
elephant_shark	KI635878.1	51	28141	8332056
elephant_shark	KI635879.1	52	50300	8056623
elephant_shark	KI635880.1	53	1683	7764678
elephant_shark	KI635881.1	54	196561	7623752
elephant_shark	KI635882.1	55	7817	7323119
elephant_shark	KI635883.1	56	929874	5161277
elephant_shark	KI635883.1	57	5367507	7274352
elephant_shark	KI635884.1	58	3248	6933742
elephant_shark	KI635885.1	59	264354	872784
elephant_shark	KI635885.1	60	1003965	6929730
elephant_shark	KI635886.1	61	146325	1276452
elephant_shark	KI635886.1	62	1327991	2628264
elephant_shark	KI635886.1	63	2559738	6790521
elephant_shark	KI635887.1	64	137208	6506639
elephant_shark	KI635888.1	65	251	6460778
elephant_shark	KI635889.1	66	8407	6420912
elephant_shark	KI635890.1	67	3299	6283595
elephant_shark	KI635891.1	68	40574	2583169
elephant_shark	KI635891.1	69	2617491	5140111
elephant_shark	KI635891.1	70	5150273	5869990
elephant_shark	KI635892.1	71	2632	5442455
elephant_shark	KI635893.1	72	184126	4565019
elephant_shark	KI635893.1	73	4717509	5154097
elephant_shark	KI635894.1	74	289253	5339658
elephant_shark	KI635895.1	75	509222	5286794
elephant_shark	KI635896.1	76	142942	989035
elephant_shark	KI635896.1	77	1063004	5286150
elephant_shark	KI635897.1	78	520	5220256
elephant_shark	KI635898.1	79	10521	5113859
elephant_shark	KI635899.1	80	21634	3105016
elephant_shark	KI635899.1	81	3111386	5102712
elephant_shark	KI635900.1	82	122210	2492998
elephant_shark	KI635901.1	83	14365	4894860
elephant_shark	KI635902.1	84	6515	4841860
elephant_shark	KI635903.1	85	6094	2750047
elephant_shark	KI635903.1	86	3978493	4896723
elephant_shark	KI635904.1	87	290	4777750
elephant_shark	KI635905.1	88	19853	4861916
elephant_shark	KI635906.1	89	3931	4709106
elephant_shark	KI635907.1	90	5155	2603217
elephant_shark	KI635907.1	91	2716916	3495789
elephant_shark	KI635907.1	92	3520039	4726680
elephant_shark	KI635908.1	93	6125	4703365
elephant_shark	KI635909.1	94	225	4448240
elephant_shark	KI635910.1	95	93438	4519934
elephant_shark	KI635911.1	96	6939	4578831
elephant_shark	KI635912.1	97	51823	4497144
elephant_shark	KI635913.1	98	9582	4537190
elephant_shark	KI635914.1	99	24455	4500392
elephant_shark	KI635915.1	100	4162	2880271
elephant_shark	KI635915.1	101	3247182	4483357
elephant_shark	KI635916.1	102	18156	4467495
elephant_shark	KI635917.1	103	7162	4333422
elephant_shark	KI635918.1	104	37588	4324936
elephant_shark	KI635919.1	105	51	2993505
elephant_shark	KI635919.1	106	3183089	4277327
elephant_shark	KI635920.1	107	3252	1115563
elephant_shark	KI635920.1	108	1067012	4083276
elephant_shark	KI635921.1	109	2508	3896816
elephant_shark	KI635922.1	110	44515	4154531
elephant_shark	KI635923.1	111	213912	4147570
elephant_shark	KI635924.1	112	7013	3871007
elephant_shark	KI635925.1	113	9668	3692793
elephant_shark	KI635926.1	114	106098	3966584
elephant_shark	KI635927.1	115	22995	3881604
elephant_shark	KI635928.1	116	5907	3842195
elephant_shark	KI635929.1	117	1354	3883637
elephant_shark	KI635930.1	118	28256	3865172
elephant_shark	KI635931.1	119	3888	3567873
elephant_shark	KI635932.1	120	1138	285283
elephant_shark	KI635932.1	121	336404	3765508
elephant_shark	KI635933.1	122	26163	3675633
elephant_shark	KI635934.1	123	119800	3727723
elephant_shark	KI635935.1	124	7970	3712243
elephant_shark	KI635936.1	125	39378	3689774
elephant_shark	KI635937.1	126	3104	1930395
elephant_shark	KI635937.1	127	1944416	2681371
elephant_shark	KI635937.1	128	2744998	3663106
elephant_shark	KI635938.1	129	6442	3610308
elephant_shark	KI635939.1	130	71682	3432600
elephant_shark	KI635940.1	131	112682	423040
elephant_shark	KI635940.1	132	507146	2096646
elephant_shark	KI635940.1	133	2788190	3552618
elephant_shark	KI635941.1	134	8652	3527598
elephant_shark	KI635942.1	135	15518	3515531
elephant_shark	KI635943.1	136	392	3471394
elephant_shark	KI635944.1	137	11309	1010202
elephant_shark	KI635944.1	138	1166206	2992970
elephant_shark	KI635945.1	139	6971	3461328
elephant_shark	KI635946.1	140	474	3297803
elephant_shark	KI635947.1	141	48297	3004793
elephant_shark	KI635948.1	142	5097	3236378
elephant_shark	KI635949.1	143	4906	3076278
elephant_shark	KI635950.1	144	95559	3178634
elephant_shark	KI635951.1	145	8902	311142
elephant_shark	KI635951.1	146	322754	3029237
elephant_shark	KI635952.1	147	15845	162728
elephant_shark	KI635952.1	148	171510	2999271
elephant_shark	KI635953.1	149	2257	2843284
elephant_shark	KI635954.1	150	10830	3005164
elephant_shark	KI635955.1	151	4459	2942667
elephant_shark	KI635956.1	152	14003	2574724
elephant_shark	KI635956.1	153	2587917	2896481
elephant_shark	KI635957.1	154	2799	2877734
elephant_shark	KI635958.1	155	1794	2833828
elephant_shark	KI635959.1	156	23418	2783778
elephant_shark	KI635960.1	157	29	2753002
elephant_shark	KI635961.1	158	12929	2612236
elephant_shark	KI635962.1	159	1997	2629121
elephant_shark	KI635963.1	160	18957	1310947
elephant_shark	KI635963.1	161	1506944	2593489
elephant_shark	KI635964.1	162	16053	2496155
elephant_shark	KI635965.1	163	219	2513183
elephant_shark	KI635966.1	164	9435	2486707
elephant_shark	KI635967.1	165	20665	2481293
elephant_shark	KI635968.1	166	88182	2351549
elephant_shark	KI635969.1	167	40954	2459260
elephant_shark	KI635970.1	168	104921	2450497
elephant_shark	KI635971.1	169	8847	1701653
elephant_shark	KI635971.1	170	1798273	2347609
elephant_shark	KI635972.1	171	31	560644
elephant_shark	KI635972.1	172	603368	1814339
elephant_shark	KI635972.1	173	1814847	2215898
elephant_shark	KI635973.1	174	11144	2180738
elephant_shark	KI635974.1	175	10700	954854
elephant_shark	KI635974.1	176	1142354	2115689
elephant_shark	KI635975.1	177	1227	2078642
elephant_shark	KI635976.1	178	1349	2109798
elephant_shark	KI635977.1	179	44410	2100540
elephant_shark	KI635978.1	180	9210	2038416
elephant_shark	KI635979.1	181	539	2064474
elephant_shark	KI635980.1	182	8226	2045322
elephant_shark	KI635981.1	183	641	1998198
elephant_shark	KI635982.1	184	198791	1785060
elephant_shark	KI635983.1	185	21378	2014699
elephant_shark	KI635984.1	186	6257	1865524
elephant_shark	KI635984.1	187	1872139	2024144
elephant_shark	KI635985.1	188	152103	2018513
elephant_shark	KI635986.1	189	46129	1955395
elephant_shark	KI635987.1	190	85	1998366
elephant_shark	KI635988.1	191	284283	1664222
elephant_shark	KI635989.1	192	28889	1926374
elephant_shark	KI635990.1	193	20455	1910245
elephant_shark	KI635991.1	194	3414	1915684
elephant_shark	KI635992.1	195	31540	1883678
elephant_shark	KI635993.1	196	1857	1848592
elephant_shark	KI635994.1	197	15025	1809475
elephant_shark	KI635995.1	198	4559	1752965
elephant_shark	KI635996.1	199	21	1789222
elephant_shark	KI635997.1	200	2202	1734882
elephant_shark	KI635998.1	201	11114	1732023
elephant_shark	KI635999.1	202	1950	1678447
elephant_shark	KI636000.1	203	11906	1669253
elephant_shark	KI636001.1	204	58053	1637183
elephant_shark	KI636002.1	205	1251	1634870
elephant_shark	KI636003.1	206	10973	1605176
elephant_shark	KI636004.1	207	153947	1477383
elephant_shark	KI636005.1	208	34703	1553950
elephant_shark	KI636006.1	209	90406	1530511
elephant_shark	KI636007.1	210	41720	1527724
elephant_shark	KI636008.1	211	51	1502645
elephant_shark	KI636009.1	212	47252	1491330
elephant_shark	KI636010.1	213	4058	1461856
elephant_shark	KI636011.1	214	76716	1443116
elephant_shark	KI636012.1	215	2118	1399153
elephant_shark	KI636013.1	216	168097	1433530
elephant_shark	KI636014.1	217	7849	1271114
elephant_shark	KI636015.1	218	2204	1331598
elephant_shark	KI636016.1	219	184310	1347279
elephant_shark	KI636017.1	220	44282	1325018
elephant_shark	KI636018.1	221	30150	1282020
elephant_shark	KI636019.1	222	3773	1309524
elephant_shark	KI636020.1	223	63265	1302751
elephant_shark	KI636021.1	224	1407	1289657
elephant_shark	KI636022.1	225	2520	1225373
elephant_shark	KI636023.1	226	83413	1167904
elephant_shark	KI636024.1	227	17028	1158661
elephant_shark	KI636025.1	228	96497	1160105
elephant_shark	KI636026.1	229	140693	1023925
elephant_shark	KI636027.1	230	124579	853131
elephant_shark	KI636028.1	231	290072	1085810
elephant_shark	KI636029.1	232	27971	1069956
elephant_shark	KI636030.1	233	5854	1085314
elephant_shark	KI636031.1	234	96354	1079569
elephant_shark	KI636032.1	235	37	1041160
elephant_shark	KI636033.1	236	6276	1062614
elephant_shark	KI636034.1	237	1	1072261
elephant_shark	KI636035.1	238	88	1065705
elephant_shark	KI636036.1	239	1210	1042140
elephant_shark	KI636037.1	240	14412	1059611
elephant_shark	KI636038.1	241	6998	1013111
elephant_shark	KI636039.1	242	23232	1015520
elephant_shark	KI636040.1	243	21	1001349
elephant_shark	KI636041.1	244	136268	992373
elephant_shark	KI636042.1	245	572394	908509
elephant_shark	KI636043.1	246	2129	923778
elephant_shark	KI636044.1	247	143319	974937
elephant_shark	KI636045.1	248	21	822671
elephant_shark	KI636046.1	249	47333	903593
elephant_shark	KI636047.1	250	314946	431178
elephant_shark	KI636047.1	251	482570	948457
elephant_shark	KI636048.1	252	23823	933253
elephant_shark	KI636049.1	253	6042	924115
elephant_shark	KI636050.1	254	15518	912177
elephant_shark	KI636051.1	255	46143	890178
elephant_shark	KI636052.1	256	91142	869359
elephant_shark	KI636053.1	257	183391	882490
elephant_shark	KI636054.1	258	22264	886314
elephant_shark	KI636055.1	259	60925	799316
elephant_shark	KI636056.1	260	15442	862379
elephant_shark	KI636057.1	261	10168	841890
elephant_shark	KI636058.1	262	20963	820563
elephant_shark	KI636059.1	263	2223	794527
elephant_shark	KI636060.1	264	23	796913
elephant_shark	KI636061.1	265	35337	360751
elephant_shark	KI636061.1	266	510628	780639
elephant_shark	KI636062.1	267	87333	749756
elephant_shark	KI636063.1	268	9111	789879
elephant_shark	KI636064.1	269	3351	786667
elephant_shark	KI636065.1	270	32798	779296
elephant_shark	KI636066.1	271	64	768098
elephant_shark	KI636067.1	272	2333	758533
elephant_shark	KI636068.1	273	309	735272
elephant_shark	KI636069.1	274	10054	735716
elephant_shark	KI636070.1	275	13100	671184
elephant_shark	KI636071.1	276	3785	697163
elephant_shark	KI636072.1	277	26988	700146
elephant_shark	KI636074.1	278	7868	691355
elephant_shark	KI636075.1	279	2	689411
elephant_shark	KI636076.1	280	89800	282844
elephant_shark	KI636077.1	281	8932	672974
elephant_shark	KI636078.1	282	1064	672709
elephant_shark	KI636079.1	283	1870	664338
elephant_shark	KI636080.1	284	14847	661106
elephant_shark	KI636081.1	285	48528	659061
elephant_shark	KI636082.1	286	21	649491
elephant_shark	KI636083.1	287	123185	628947
elephant_shark	KI636084.1	288	15052	612713
elephant_shark	KI636085.1	289	45142	171175
elephant_shark	KI636085.1	290	193952	607543
elephant_shark	KI636086.1	291	16029	284570
elephant_shark	KI636086.1	292	335826	601586
elephant_shark	KI636087.1	293	41	571575
elephant_shark	KI636088.1	294	7420	570160
elephant_shark	KI636089.1	295	2863	570880
elephant_shark	KI636090.1	296	10207	468531
elephant_shark	KI636091.1	297	867	174877
elephant_shark	KI636091.1	298	196237	432332
elephant_shark	KI636092.1	299	13836	558210
elephant_shark	KI636093.1	300	3671	556934
elephant_shark	KI636094.1	301	25208	514794
elephant_shark	KI636095.1	302	13254	545797
elephant_shark	KI636096.1	303	200796	539461
elephant_shark	KI636097.1	304	14862	494562
elephant_shark	KI636098.1	305	16174	505615
elephant_shark	KI636099.1	306	30165	519057
elephant_shark	KI636100.1	307	145	524369
elephant_shark	KI636101.1	308	21	530996
elephant_shark	KI636102.1	309	14015	518531
elephant_shark	KI636103.1	310	5031	509242
elephant_shark	KI636104.1	311	28537	492717
elephant_shark	KI636105.1	312	19546	499884
elephant_shark	KI636106.1	313	291	463059
elephant_shark	KI636108.1	314	8205	416506
elephant_shark	KI636109.1	315	2282	491503
elephant_shark	KI636110.1	316	22	393888
elephant_shark	KI636111.1	317	155608	488417
elephant_shark	KI636112.1	318	21744	489634
elephant_shark	KI636114.1	319	2837	434585
elephant_shark	KI636115.1	320	35274	469788
elephant_shark	KI636116.1	321	4012	442273
elephant_shark	KI636118.1	322	7039	450515
elephant_shark	KI636119.1	323	21	457064
elephant_shark	KI636120.1	324	166987	455036
elephant_shark	KI636121.1	325	497	436649
elephant_shark	KI636122.1	326	4538	429790
elephant_shark	KI636123.1	327	43357	423797
elephant_shark	KI636124.1	328	9641	432067
elephant_shark	KI636125.1	329	8359	427378
elephant_shark	KI636127.1	330	21	402892
elephant_shark	KI636128.1	331	19810	425899
elephant_shark	KI636129.1	332	228	415534
elephant_shark	KI636130.1	333	81	406890
elephant_shark	KI636132.1	334	2087	415012
elephant_shark	KI636133.1	335	12	414823
elephant_shark	KI636134.1	336	10093	397760
elephant_shark	KI636135.1	337	117017	407593
elephant_shark	KI636136.1	338	3481	396008
elephant_shark	KI636137.1	339	5755	390717
elephant_shark	KI636138.1	340	9642	402764
elephant_shark	KI636141.1	341	3072	390886
elephant_shark	KI636142.1	342	5170	390718
elephant_shark	KI636143.1	343	21	389470
elephant_shark	KI636145.1	344	3743	379384
elephant_shark	KI636146.1	345	5135	384926
elephant_shark	KI636147.1	346	131728	380619
elephant_shark	KI636148.1	347	2562	335403
elephant_shark	KI636149.1	348	8231	355149
elephant_shark	KI636150.1	349	46983	371003
elephant_shark	KI636151.1	350	1867	369709
elephant_shark	KI636152.1	351	3482	368286
elephant_shark	KI636153.1	352	22220	364904
elephant_shark	KI636155.1	353	21	347403
elephant_shark	KI636156.1	354	2167	325443
elephant_shark	KI636157.1	355	12052	346562
elephant_shark	KI636159.1	356	52981	304772
elephant_shark	KI636161.1	357	16722	328013
elephant_shark	KI636162.1	358	135	305159
elephant_shark	KI636164.1	359	66139	318800
elephant_shark	KI636165.1	360	30582	280875
elephant_shark	KI636166.1	361	38550	302795
elephant_shark	KI636167.1	362	43883	303668
elephant_shark	KI636168.1	363	14340	311586
elephant_shark	KI636169.1	364	2272	307720
elephant_shark	KI636170.1	365	21	308680
elephant_shark	KI636171.1	366	833	269255
elephant_shark	KI636172.1	367	82	299206
elephant_shark	KI636173.1	368	13368	287285
elephant_shark	KI636174.1	369	22072	284958
elephant_shark	KI636175.1	370	11786	291431
elephant_shark	KI636176.1	371	3114	286660
elephant_shark	KI636181.1	372	2639	280322
elephant_shark	KI636182.1	373	60832	278380
elephant_shark	KI636187.1	374	7445	261967
elephant_shark	KI636188.1	375	20700	260282
elephant_shark	KI636189.1	376	886	248754
elephant_shark	KI636190.1	377	3106	248472
elephant_shark	KI636192.1	378	10482	238332
elephant_shark	KI636193.1	379	12197	238036
elephant_shark	KI636195.1	380	7235	224615
elephant_shark	KI636199.1	381	25248	206488
elephant_shark	KI636200.1	382	28745	223235
elephant_shark	KI636201.1	383	3282	220752
elephant_shark	KI636202.1	384	11	220549
elephant_shark	KI636203.1	385	7012	217529
elephant_shark	KI636204.1	386	7826	207818
elephant_shark	KI636207.1	387	1809	207470
elephant_shark	KI636208.1	388	57	206559
elephant_shark	KI636209.1	389	4622	201602
elephant_shark	KI636210.1	390	2587	205381
elephant_shark	KI636211.1	391	17239	193988
elephant_shark	KI636212.1	392	9958	199887
elephant_shark	KI636216.1	393	5495	191744
elephant_shark	KI636217.1	394	17068	172079
elephant_shark	KI636221.1	395	168	184449
elephant_shark	KI636222.1	396	12715	181920
elephant_shark	KI636229.1	397	119557	168282
elephant_shark	KI636230.1	398	6015	166787
elephant_shark	KI636233.1	399	232	132097
elephant_shark	KI636234.1	400	26046	168979
elephant_shark	KI636237.1	401	196	157910
elephant_shark	KI636250.1	402	2454	138277
elephant_shark	KI636252.1	403	1164	138371
elephant_shark	KI636262.1	404	15164	114361
elephant_shark	KI636263.1	405	70	130121
elephant_shark	KI636266.1	406	12160	126560
elephant_shark	KI636274.1	407	2059	116575
elephant_shark	KI636275.1	408	2638	112218
elephant_shark	KI636281.1	409	7351	108144
elephant_shark	KI636292.1	410	1883	102003
elephant_shark	KI636296.1	411	727	101294
elephant_shark	KI636303.1	412	48276	99448
elephant_shark	KI636305.1	413	399	77015
elephant_shark	KI636319.1	414	401	76937
elephant_shark	KI636328.1	415	135	90568
elephant_shark	KI636334.1	416	248	82437
elephant_shark	KI636339.1	417	44	82052
elephant_shark	KI636341.1	418	179	85133
elephant_shark	KI636362.1	419	7997	76761
elephant_shark	KI636367.1	420	4194	74840
elephant_shark	KI636368.1	421	1858	74207
elephant_shark	KI636395.1	422	3893	63002
elephant_shark	KI636434.1	423	2648	38945
elephant_shark	KI636436.1	424	319	59458
elephant_shark	KI636460.1	425	42	7607
elephant_shark	KI636466.1	426	3391	49010
elephant_shark	KI636476.1	427	942	54105
elephant_shark	KI636492.1	428	436	47875
elephant_shark	KI636520.1	429	2075	45673
elephant_shark	KI636521.1	430	1840	42774
elephant_shark	KI636545.1	431	7824	44014
elephant_shark	KI636546.1	432	2825	43380
elephant_shark	KI636567.1	433	3710	40825
elephant_shark	KI636579.1	434	3	29541
elephant_shark	KI636595.1	435	2	36055
elephant_shark	KI636846.1	436	1549	21709
elephant_shark	KI636966.1	437	3001	17770
elephant_shark	KI637003.1	438	4	15959
elephant_shark	MT	439	2830	15433
human	1	0	65419	22661637
human	1	1	23010834	41628816
human	1	2	42162690	42844991
human	1	3	43172330	88891567
human	1	4	88935779	108963484
human	1	5	109064140	115034302
human	1	6	115285917	119423034
human	1	7	119619377	149887411
human	1	8	149903318	161714352
human	1	9	161749786	165911618
human	1	10	166856510	169485944
human	1	11	169511951	200669907
human	1	12	200894900	209784559
human	1	13	210232796	226987545
human	1	14	227563556	228159826
human	1	15	228208044	228458558
human	1	16	228735479	231337852
human	1	17	231338293	244731015
human	1	18	244850297	248919146
human	10	19	46888	3136802
human	10	20	3775996	5499570
human	10	21	5638867	14954096
human	10	22	15043943	15719922
human	10	23	16437010	110919180
human	10	24	112149865	133626795
human	11	25	193078	66958383
human	11	26	67056847	68029276
human	11	27	68039025	71448393
human	11	28	71453203	110464884
human	11	29	111245725	123627767
human	11	30	123629188	134412242
human	12	31	66767	6124670
human	12	32	6310682	47236660
human	12	33	47734363	57786247
human	12	34	62260404	107093549
human	12	35	108129288	133235877
human	13	36	19173772	28295335
human	13	37	28700080	72781900
human	13	38	73686089	113864076
human	13	39	113977783	114327322
human	14	40	18601117	24609685
human	14	41	24630954	92748627
human	14	42	92923150	105251093
human	14	43	105209286	105530198
human	15	44	20531856	28099315
human	15	45	28111040	32607310
human	15	46	32615504	43106038
human	15	47	43133586	43302255
human	15	48	43358175	101923113
human	16	49	46407	33845229
human	16	50	34351499	90077331
human	17	51	137569	4539035
human	17	52	4584529	8376704
human	17	53	8390702	15265326
human	17	54	15303812	21315232
human	17	55	21692523	30291944
human	17	56	30477408	32342173
human	17	57	32350157	41481151
human	17	58	41486136	50175928
human	17	59	50274466	56869567
human	17	60	57085246	61591219
human	17	61	62423897	63932331
human	17	62	64002595	83095122
human	18	63	47221	36272157
human	18	64	36297713	59359265
human	18	65	60371062	74359189
human	18	66	74534500	80247514
human	19	67	107104	6279975
human	19	68	6306142	7902016
human	19	69	7920338	19536076
human	19	70	19561713	58573335
human	2	71	38814	39779258
human	2	72	42169353	68580162
human	2	73	68734811	70768200
human	2	74	70830211	74217565
human	2	75	74361155	85612066
human	2	76	85837120	88627464
human	2	77	94587311	97648383
human	2	78	98087167	109613966
human	2	79	109898688	112541739
human	2	80	112584609	113501150
human	2	81	113627266	127294144
human	2	82	127298668	219575711
human	2	83	221418027	233295669
human	2	84	233354494	237912106
human	2	85	237967075	238240038
human	2	86	238244044	239401020
human	2	87	240130828	241900464
human	20	88	87672	4187727
human	20	89	4721909	5119958
human	20	90	5299218	10058303
human	20	91	10413520	25585531
human	20	92	25612935	63740398
human	20	93	63739776	64072347
human	21	94	13609777	18267370
human	21	95	25585656	30166805
human	21	96	30214006	30881580
human	21	97	31038159	44131181
human	21	98	44353621	46665124
human	22	99	15528192	18131732
human	22	100	18150170	32255347
human	22	101	32357867	50783636
human	3	102	196763	15065315
human	3	103	15206246	37174582
human	3	104	37452141	47578865
human	3	105	47850695	48301367
human	3	106	48372219	73624941
human	3	107	86937973	121660903
human	3	108	121663201	122383231
human	3	109	122564338	125520202
human	3	110	126342635	130098390
human	3	111	130517177	131502971
human	3	112	132417502	133590261
human	3	113	133805815	134565031
human	3	114	134795260	138594260
human	3	115	138608771	148897203
human	3	116	149030127	198043720
human	4	117	53321	993404
human	4	118	987044	65670489
human	4	119	67468762	70607288
human	4	120	70815783	95158448
human	4	121	97558872	186088073
human	4	122	186191567	190175845
human	5	123	92168	6674386
human	5	124	7859159	16616997
human	5	125	17217631	31532093
human	5	126	31532301	131205428
human	5	127	131423921	141512975
human	5	128	141515021	181368262
human	6	129	292487	13814557
human	6	130	14117772	33453689
human	6	131	33572552	36964837
human	6	132	37353983	39934462
human	6	133	41042467	42163418
human	6	134	42224931	73521032
human	6	135	73696203	170584637
human	7	136	192571	6706947
human	7	137	6798937	30478784
human	7	138	30594878	43729523
human	7	139	43758680	44848087
human	7	140	45000201	55433737
human	7	141	55887456	76358991
human	7	142	76424950	77032361
human	7	143	77050391	86864879
human	7	144	87345664	97740472
human	7	145	98106862	101237802
human	7	146	101239472	102671641
human	7	147	102748999	141655244
human	7	148	141708353	144380632
human	7	149	144397240	159144867
human	8	150	166086	8893630
human	8	151	9555912	12318316
human	8	152	12945673	18029948
human	8	153	20144855	26658175
human	8	154	27284886	29053262
human	8	155	29333064	32774046
human	8	156	33370824	42332460
human	8	157	42541585	43077334
human	8	158	43292483	78605267
human	8	159	78732772	145056030
human	9	160	14513	6507054
human	9	161	6532467	68300035
human	9	162	68302867	91950228
human	9	163	92031147	93955355
human	9	164	94374569	98192637
human	9	165	98288109	100577636
human	9	166	101360417	101594969
human	9	167	101569352	104760120
human	9	168	104764129	108863756
human	9	169	110199561	112874987
human	9	170	113038377	137302271
human	9	171	137554444	138124619
human	MT	172	3307	15887
human	X	173	281381	18827917
human	X	174	19343927	46882358
human	X	175	47142216	156025374
human	Y	176	2786855	25624902
mouse	1	0	3284705	17701163
mouse	1	1	17797312	33946897
mouse	1	2	33947306	34583394
mouse	1	3	34591415	36145527
mouse	1	4	36303678	36732762
mouse	1	5	36800879	44183930
mouse	1	6	44243230	75487010
mouse	1	7	77343822	87772880
mouse	1	8	87781009	88205355
mouse	1	9	88234481	91045037
mouse	1	10	91178059	91340944
mouse	1	11	92366732	92536569
mouse	1	12	92564867	93944869
mouse	1	13	95241353	97720694
mouse	1	14	99700490	107538214
mouse	1	15	109910440	117914614
mouse	1	16	118104272	128345096
mouse	1	17	130366764	136140566
mouse	1	18	136187535	163907261
mouse	1	19	163942833	166066313
mouse	1	20	166081708	166475262
mouse	1	21	166828986	170510358
mouse	1	22	170712634	174262313
mouse	1	23	174269648	178084867
mouse	1	24	178151908	192718083
mouse	1	25	192786710	194858918
mouse	10	26	3207930	57662908
mouse	10	27	58070670	59057669
mouse	10	28	59159118	72505621
mouse	10	29	74803009	77351619
mouse	10	30	77366086	77821268
mouse	10	31	77906995	78263456
mouse	10	32	78272578	82215470
mouse	10	33	82458195	122781700
mouse	10	34	122827965	125851228
mouse	10	35	126836578	130333265
mouse	11	36	3081850	5475242
mouse	11	37	5519684	6394443
mouse	11	38	6565599	14550314
mouse	11	39	16702211	30936350
mouse	11	40	31132376	32237727
mouse	11	41	32250069	49446954
mouse	11	42	49447705	51125880
mouse	11	43	51180747	58863924
mouse	11	44	58885082	61040198
mouse	11	45	61099571	61611625
mouse	11	46	61620480	62644324
mouse	11	47	62711057	68488792
mouse	11	48	68812661	70590981
mouse	11	49	70681758	72210242
mouse	11	50	72326352	74243476
mouse	11	51	74510431	79421435
mouse	11	52	79824779	80268860
mouse	11	53	80274223	88186087
mouse	11	54	88722581	94550915
mouse	11	55	94554677	106205588
mouse	11	56	106268482	121200722
mouse	11	57	121218050	121734249
mouse	12	58	3297428	30961570
mouse	12	59	31290769	33142874
mouse	12	60	33444853	40087428
mouse	12	61	40226385	42002371
mouse	12	62	44375766	87498976
mouse	12	63	87496680	88241270
mouse	12	64	88286892	102531287
mouse	12	65	102534841	105188975
mouse	12	66	105302853	112942550
mouse	12	67	113038122	113128164
mouse	12	68	116011396	116425231
mouse	12	69	116449453	119982548
mouse	13	70	3588063	4636540
mouse	13	71	5911481	9716214
mouse	13	72	9736898	14238073
mouse	13	73	14238377	19917121
mouse	13	74	20978283	24118139
mouse	13	75	24118445	25394689
mouse	13	76	27241553	30566850
mouse	13	77	30724291	43713637
mouse	13	78	44884747	47259666
mouse	13	79	48667046	50629391
mouse	13	80	51254916	53440160
mouse	13	81	54205205	57043550
mouse	13	82	58323970	62908514
mouse	13	83	62920014	64460524
mouse	13	84	64629060	66375387
mouse	13	85	67080894	67991232
mouse	13	86	68730367	74498399
mouse	13	87	74787687	76091986
mouse	13	88	76202970	120115895
mouse	13	89	120226724	120779714
mouse	14	90	3575920	14512485
mouse	14	91	14518185	20231877
mouse	14	92	20312824	25903524
mouse	14	93	25983429	30973274
mouse	14	94	31058595	31807566
mouse	14	95	31881822	45556029
mouse	14	96	45567245	56499717
mouse	14	97	56602525	62998561
mouse	14	98	63075127	66390397
mouse	14	99	66581824	71015935
mouse	14	100	73266568	124914539
mouse	15	101	3300403	12321985
mouse	15	102	12808263	31601950
mouse	15	103	32244959	73579354
mouse	15	104	73594994	77603485
mouse	15	105	77631999	83007002
mouse	15	106	83010177	97283557
mouse	15	107	97642651	103929556
mouse	16	108	3408906	14010792
mouse	16	109	14380181	16176729
mouse	16	110	16686267	19425453
mouse	16	111	19442907	32876560
mouse	16	112	32877176	35645918
mouse	16	113	35861560	36648623
mouse	16	114	36755345	58459102
mouse	16	115	58548273	59169609
mouse	16	116	59181523	65331891
mouse	16	117	65612143	88303866
mouse	16	118	88357716	89305211
mouse	16	119	89367064	93672961
mouse	16	120	93885790	97564987
mouse	17	121	3165254	15747563
mouse	17	122	15763341	17679649
mouse	17	123	17741672	26463197
mouse	17	124	26471925	27011495
mouse	17	125	27057638	29769136
mouse	17	126	29833764	30831633
mouse	17	127	31173614	32255323
mouse	17	128	32402744	40947951
mouse	17	129	41038011	47235859
mouse	17	130	47696329	48724282
mouse	17	131	49922200	53979748
mouse	17	132	53981814	57242415
mouse	17	133	57260490	64638911
mouse	17	134	65944502	71555237
mouse	17	135	71803095	89099404
mouse	18	136	3122492	24842405
mouse	18	137	24842502	31580459
mouse	18	138	31742565	32237381
mouse	18	139	32256179	34469652
mouse	18	140	34542476	36925615
mouse	18	141	37072258	44410767
mouse	18	142	44467141	62148786
mouse	18	143	62637226	63130003
mouse	18	144	63796438	66135710
mouse	18	145	67338437	67535819
mouse	18	146	67605942	68457923
mouse	18	147	68539978	78640157
mouse	18	148	80132512	84115653
mouse	18	149	84225826	90610646
mouse	19	150	3309076	4489428
mouse	19	151	4495936	13875292
mouse	19	152	14425514	30071122
mouse	19	153	30210342	40102394
mouse	19	154	40283215	53933058
mouse	19	155	55056068	61285507
mouse	2	156	3343024	11782393
mouse	2	157	12352074	23005570
mouse	2	158	23046381	24240948
mouse	2	159	24310572	38905889
mouse	2	160	40485260	84255755
mouse	2	161	84430415	90156704
mouse	2	162	90229027	112193501
mouse	2	163	112285342	120801196
mouse	2	164	120807498	120946877
mouse	2	165	120991177	126625364
mouse	2	166	126912587	127363290
mouse	2	167	127416582	129892319
mouse	2	168	130037114	132095234
mouse	2	169	132105068	150293406
mouse	2	170	150412335	150851318
mouse	2	171	150871605	177675815
mouse	2	172	177709488	181333610
mouse	3	173	3699205	19746585
mouse	3	174	19747565	35987621
mouse	3	175	36233575	51468300
mouse	3	176	51593328	55379631
mouse	3	177	57193032	75550802
mouse	3	178	75981577	86689996
mouse	3	179	86903141	96102837
mouse	3	180	96103904	96615855
mouse	3	181	96706079	97083890
mouse	3	182	97468058	102053830
mouse	3	183	102060899	108443852
mouse	3	184	108479015	121810402
mouse	3	185	122332374	142324940
mouse	3	186	142326363	159641659
mouse	4	187	3167320	20066750
mouse	4	188	21677481	34882960
mouse	4	189	34949074	40965303
mouse	4	190	41033074	41517333
mouse	4	191	41638144	46566458
mouse	4	192	46662305	48473422
mouse	4	193	48663514	56744925
mouse	4	194	56810935	59904737
mouse	4	195	59905126	73824190
mouse	4	196	73931681	88329243
mouse	4	197	88314381	94581466
mouse	4	198	94830277	118387425
mouse	4	199	118477996	119486316
mouse	4	200	119922193	136276626
mouse	4	201	136349932	156691791
mouse	5	202	3050101	8916315
mouse	5	203	9016033	17583026
mouse	5	204	17681096	23821532
mouse	5	205	23992709	29991476
mouse	5	206	30310159	32242083
mouse	5	207	32893645	33185310
mouse	5	208	33261563	84564665
mouse	5	209	86159883	88616041
mouse	5	210	88807307	93361334
mouse	5	211	93415116	95894476
mouse	5	212	96104810	105441562
mouse	5	213	105667254	108280486
mouse	5	214	108513939	108822619
mouse	5	215	108808197	129648448
mouse	5	216	129760466	136911975
mouse	5	217	136937004	146892424
mouse	5	218	146888383	147485306
mouse	5	219	147815251	151574707
mouse	6	220	3143627	12081204
mouse	6	221	13625672	40373696
mouse	6	222	40448349	43266254
mouse	6	223	43280608	48955679
mouse	6	224	48963795	56738897
mouse	6	225	56859385	57641617
mouse	6	226	57729250	67353172
mouse	6	227	70742704	71885734
mouse	6	228	72183161	85881866
mouse	6	229	85919250	87365917
mouse	6	230	87652575	89572634
mouse	6	231	89620970	90282431
mouse	6	232	90310271	115927192
mouse	6	233	115998305	118174094
mouse	6	234	118478269	121247876
mouse	6	235	121613187	125321906
mouse	6	236	125339623	128503683
mouse	6	237	128516790	149458229
mouse	7	238	3204498	25112311
mouse	7	239	25314046	45679726
mouse	7	240	45683122	51644206
mouse	7	241	55417984	58479168
mouse	7	242	58878550	86604520
mouse	7	243	86896003	115907611
mouse	7	244	116103650	127871602
mouse	7	245	127975345	140417697
mouse	7	246	140425460	141579812
mouse	7	247	141633227	141850855
mouse	7	248	141924885	144877823
mouse	8	249	3200922	4297897
mouse	8	250	4288865	4409654
mouse	8	251	4785976	13831938
mouse	8	252	13934794	18853205
mouse	8	253	18982745	22861434
mouse	8	254	22966804	26466781
mouse	8	255	26470632	32408786
mouse	8	256	32307431	68800346
mouse	8	257	69333143	70283752
mouse	8	258	70333019	71946044
mouse	8	259	71986899	73441366
mouse	8	260	73541227	75855067
mouse	8	261	76175419	84155181
mouse	8	262	84293300	85900251
mouse	8	263	85952617	124242202
mouse	8	264	124245573	127320725
mouse	8	265	127673922	129960499
mouse	9	266	3000922	3035805
mouse	9	267	3037111	18228738
mouse	9	268	18233247	21996734
mouse	9	269	22038034	22171191
mouse	9	270	22188044	25219867
mouse	9	271	25392843	40101430
mouse	9	272	40103613	51151379
mouse	9	273	51200986	53617532
mouse	9	274	53930689	75545053
mouse	9	275	75682646	78389006
mouse	9	276	78522828	88338669
mouse	9	277	88337631	89958142
mouse	9	278	90084080	103079336
mouse	9	279	103127720	105564730
mouse	9	280	106030056	108921557
mouse	9	281	108924457	110871835
mouse	9	282	110883554	117979245
mouse	9	283	118435758	124252776
mouse	MT	284	2751	15288
mouse	X	285	3076875	8972581
mouse	X	286	9150003	20386178
mouse	X	287	20416026	74621837
mouse	X	288	75307910	93321330
mouse	X	289	93410760	151125421
mouse	X	290	151126594	153872789
mouse	X	291	153907913	158756165
mouse	X	292	159406090	169111844
mouse	Y	293	725128	90850446
opossum	1	0	21	5696724
opossum	1	1	5873531	9869882
opossum	1	2	10220876	18268202
opossum	1	3	19290835	24550692
opossum	1	4	24743871	65452663
opossum	1	5	65490988	66455769
opossum	1	6	66520047	99085352
opossum	1	7	99111704	166176318
opossum	1	8	166299738	187032057
opossum	1	9	187165701	200768922
opossum	1	10	200828407	203765789
opossum	1	11	203938111	288410855
opossum	1	12	291803034	297119062
opossum	1	13	297305834	299618097
opossum	1	14	299636205	308197948
opossum	1	15	308572519	328592427
opossum	1	16	328629209	328990911
opossum	1	17	329045869	385719099
opossum	1	18	385776415	404428125
opossum	1	19	404572135	450747802
opossum	1	20	451106908	471119059
opossum	1	21	471921149	503293069
opossum	1	22	503387615	508876639
opossum	1	23	508938002	522823096
opossum	1	24	522867604	560612988
opossum	1	25	560843681	577902914
opossum	1	26	578145678	578760684
opossum	1	27	581107498	664195388
opossum	1	28	664226679	703839221
opossum	1	29	704493808	717408102
opossum	1	30	717747359	741393030
opossum	1	31	741558167	747625090
opossum	2	32	251457	58581607
opossum	2	33	58587656	61678158
opossum	2	34	61712753	103979806
opossum	2	35	104291313	116919212
opossum	2	36	117235902	118442132
opossum	2	37	118468685	163015126
opossum	2	38	163389402	164099394
opossum	2	39	164098586	169162098
opossum	2	40	169210990	175784624
opossum	2	41	176035893	184792980
opossum	2	42	184962054	192082810
opossum	2	43	192381065	194719356
opossum	2	44	194734801	196692609
opossum	2	45	196737203	211190417
opossum	2	46	211508715	264696123
opossum	2	47	264617724	271099424
opossum	2	48	271204894	276907586
opossum	2	49	277083294	281432074
opossum	2	50	281925512	285325680
opossum	2	51	285696240	301320943
opossum	2	52	301326297	456767920
opossum	2	53	456809804	457306350
opossum	2	54	457309814	478013323
opossum	2	55	478101511	486182724
opossum	2	56	487008184	491517248
opossum	2	57	491876806	494128335
opossum	2	58	494224117	494994223
opossum	2	59	495022060	497947213
opossum	2	60	498253021	499642541
opossum	2	61	499654993	503307175
opossum	2	62	503314274	503978483
opossum	2	63	504625351	520272773
opossum	2	64	520313577	522419371
opossum	2	65	522393772	526370818
opossum	2	66	527754812	530996529
opossum	2	67	531082888	536149583
opossum	2	68	536230491	541556263
opossum	3	69	176553	86151009
opossum	3	70	86269745	102727075
opossum	3	71	103232562	201390491
opossum	3	72	204095617	252319673
opossum	3	73	252330034	431854042
opossum	3	74	431868982	443982596
opossum	3	75	444393212	448179692
opossum	3	76	448257812	463846990
opossum	3	77	463860702	475369530
opossum	3	78	475465404	481197596
opossum	3	79	481393465	504395437
opossum	3	80	504455464	527807406
opossum	4	81	65174	86878062
opossum	4	82	87220603	91895776
opossum	4	83	91906968	110573829
opossum	4	84	110660539	222350255
opossum	4	85	222494331	224060286
opossum	4	86	224284060	242061249
opossum	4	87	242167394	269109376
opossum	4	88	270544061	288079119
opossum	4	89	288091669	298901972
opossum	4	90	299371190	315248323
opossum	4	91	315403530	354254898
opossum	4	92	354334155	354688999
opossum	4	93	354785273	359584178
opossum	4	94	359754892	365027485
opossum	4	95	365072266	366421353
opossum	4	96	366750566	370896609
opossum	4	97	370948847	381382147
opossum	4	98	382251709	414229871
opossum	4	99	414379532	427697287
opossum	4	100	428537236	435137997
opossum	5	101	1058362	185893348
opossum	5	102	186851595	236351690
opossum	5	103	236695021	238690885
opossum	5	104	238737334	239685306
opossum	5	105	240039160	284724112
opossum	5	106	284949825	291918903
opossum	5	107	291938074	299862414
opossum	5	108	300221095	301589491
opossum	5	109	301592988	304612456
opossum	6	110	412553	12924694
opossum	6	111	12935078	23358204
opossum	6	112	25558745	54302251
opossum	6	113	55047591	85043552
opossum	6	114	85131944	85992536
opossum	6	115	86010811	103491132
opossum	6	116	104142846	121051224
opossum	6	117	122402248	129913629
opossum	6	118	133180070	135524102
opossum	6	119	135526885	138435868
opossum	6	120	138700834	142772892
opossum	6	121	142621296	163647232
opossum	6	122	163718446	193225350
opossum	6	123	194026182	194612121
opossum	6	124	194981110	200819733
opossum	6	125	201281163	257576014
opossum	6	126	258236443	275167236
opossum	6	127	275176629	282886830
opossum	6	128	283470750	291589069
opossum	6	129	291598662	291978280
opossum	7	130	345371	170388823
opossum	7	131	170940919	194416340
opossum	7	132	194780006	260003955
opossum	7	133	260159423	260854550
opossum	8	134	3000001	11655839
opossum	8	135	11657132	14277097
opossum	8	136	14527244	27387036
opossum	8	137	27560864	63222892
opossum	8	138	63261650	78234865
opossum	8	139	78371077	80724573
opossum	8	140	80734089	170258273
opossum	8	141	171367087	204113605
opossum	8	142	204275557	207414983
opossum	8	143	207444626	257424375
opossum	8	144	258203011	312540232
opossum	MT	145	2755	15333
opossum	X	146	3034182	14749190
opossum	X	147	16348272	72243655
opossum	X	148	72399338	79334901
spotted_gar	LG1	0	3808	3612715
spotted_gar	LG1	1	3658346	13315039
spotted_gar	LG1	2	13581030	21575217
spotted_gar	LG1	3	21860188	22813940
spotted_gar	LG1	4	24123477	60321902
spotted_gar	LG1	5	60321976	69060565
spotted_gar	LG10	6	26305	13216598
spotted_gar	LG10	7	13237908	26785171
spotted_gar	LG10	8	26871250	36069311
spotted_gar	LG10	9	36081728	42339256
spotted_gar	LG11	10	148746	14272070
spotted_gar	LG11	11	14708674	17495847
spotted_gar	LG11	12	17697460	21511172
spotted_gar	LG11	13	21549437	35060725
spotted_gar	LG11	14	35065602	41517896
spotted_gar	LG12	15	5936	6337112
spotted_gar	LG12	16	6358909	6839480
spotted_gar	LG12	17	6958846	7120736
spotted_gar	LG12	18	7131328	21914772
spotted_gar	LG12	19	22123210	32953927
spotted_gar	LG12	20	33127056	36412540
spotted_gar	LG13	21	7	16910198
spotted_gar	LG14	22	6332	2445707
spotted_gar	LG14	23	2451254	3063429
spotted_gar	LG14	24	3093834	4214773
spotted_gar	LG14	25	4217000	20627678
spotted_gar	LG14	26	20629659	20848830
spotted_gar	LG14	27	20856032	25087078
spotted_gar	LG14	28	25224004	26222717
spotted_gar	LG14	29	26255675	32213520
spotted_gar	LG15	30	8936	10600960
spotted_gar	LG16	31	9827	19571321
spotted_gar	LG16	32	19668963	21155513
spotted_gar	LG17	33	15274	11630798
spotted_gar	LG17	34	13158063	20217594
spotted_gar	LG17	35	20517660	26499557
spotted_gar	LG17	36	26651491	32589434
spotted_gar	LG18	37	5140	15671188
spotted_gar	LG19	38	6446	9722805
spotted_gar	LG2	39	19418	751272
spotted_gar	LG2	40	830891	10109833
spotted_gar	LG2	41	10130997	10668490
spotted_gar	LG2	42	10699311	19099765
spotted_gar	LG2	43	19232386	22072768
spotted_gar	LG2	44	22088701	42732967
spotted_gar	LG2	45	43018016	43312983
spotted_gar	LG2	46	43388473	47364521
spotted_gar	LG2	47	47459494	48239599
spotted_gar	LG2	48	48243589	49979043
spotted_gar	LG2	49	49984484	51142878
spotted_gar	LG2	50	51395081	52881034
spotted_gar	LG2	51	53072803	53281709
spotted_gar	LG2	52	53344955	54658688
spotted_gar	LG2	53	54684722	56023861
spotted_gar	LG2	54	56861948	68573288
spotted_gar	LG20	55	21	14730804
spotted_gar	LG21	56	16089	15126452
spotted_gar	LG22	57	5627	11606828
spotted_gar	LG23	58	245206	13517403
spotted_gar	LG23	59	13518579	16809994
spotted_gar	LG23	60	16820369	17011386
spotted_gar	LG24	61	37047	9482958
spotted_gar	LG25	62	14203	8889962
spotted_gar	LG25	63	8892136	14345655
spotted_gar	LG26	64	2834	11469510
spotted_gar	LG26	65	11560611	13768207
spotted_gar	LG27	66	6176	11654733
spotted_gar	LG27	67	11696609	14517839
spotted_gar	LG27	68	14552205	15260498
spotted_gar	LG28	69	3513	5188711
spotted_gar	LG29	70	19645	159243
spotted_gar	LG3	71	197324	1377625
spotted_gar	LG3	72	1427210	5848653
spotted_gar	LG3	73	5906626	21814395
spotted_gar	LG3	74	22601590	37210654
spotted_gar	LG3	75	37244365	56783625
spotted_gar	LG4	76	666	10858565
spotted_gar	LG4	77	10945814	26024461
spotted_gar	LG4	78	26219283	27159537
spotted_gar	LG4	79	27128528	44947309
spotted_gar	LG4	80	44962550	47700840
spotted_gar	LG4	81	47786916	49126052
spotted_gar	LG4	82	49173373	60700780
spotted_gar	LG4	83	60765215	61784339
spotted_gar	LG4	84	61882178	63845953
spotted_gar	LG4	85	64400750	66641644
spotted_gar	LG4	86	66675948	72916270
spotted_gar	LG5	87	18651	4419914
spotted_gar	LG5	88	4459050	20167880
spotted_gar	LG5	89	20341442	28355339
spotted_gar	LG5	90	28445740	39977958
spotted_gar	LG5	91	40166849	51405583
spotted_gar	LG6	92	7806	12180139
spotted_gar	LG6	93	12303315	20087952
spotted_gar	LG6	94	20469435	24272195
spotted_gar	LG6	95	24395346	24778791
spotted_gar	LG6	96	25024564	40741994
spotted_gar	LG7	97	4471	12365040
spotted_gar	LG7	98	12394284	19587320
spotted_gar	LG7	99	19591948	19973486
spotted_gar	LG7	100	20306883	35722303
spotted_gar	LG7	101	35757845	50686477
spotted_gar	LG8	102	28654	9340981
spotted_gar	LG8	103	9372914	10751298
spotted_gar	LG8	104	10763515	42774721
spotted_gar	LG8	105	42784379	50348466
spotted_gar	LG9	106	6827	14374309
spotted_gar	LG9	107	14404589	16356039
spotted_gar	LG9	108	16552866	52737515
spotted_gar	MT	109	2861	15596
turkey	1	0	18865	489816
turkey	1	1	545288	28923608
turkey	1	2	29124516	29278588
turkey	1	3	29289085	50442193
turkey	1	4	50502689	71469514
turkey	1	5	71488452	74133660
turkey	1	6	74262341	75866030
turkey	1	7	75900506	78644668
turkey	1	8	78642231	109700088
turkey	1	9	109758083	110394455
turkey	1	10	110616937	168733352
turkey	1	11	168739099	176564813
turkey	1	12	177138959	190648820
turkey	10	13	12442	28386071
turkey	10	14	28433183	28756169
turkey	11	15	85635	12367771
turkey	11	16	12484671	18801488
turkey	11	17	18806980	18948109
turkey	11	18	18995337	23675369
turkey	12	19	14230	19567946
turkey	13	20	8739	19060266
turkey	14	21	127922	19504606
turkey	15	22	33768	16528891
turkey	15	23	16934785	17366463
turkey	16	24	8853	14713386
turkey	16	25	14728470	14873267
turkey	17	26	57840	11170670
turkey	17	27	11199316	11507837
turkey	17	28	11680373	12990753
turkey	18	29	6703	324467
turkey	19	30	21	10283989
turkey	2	31	21	21937987
turkey	2	32	21882036	59310840
turkey	2	33	59318488	59697322
turkey	2	34	59827908	81960182
turkey	2	35	83557094	109657141
turkey	20	36	55589	10420504
turkey	20	37	10446407	10715899
turkey	21	38	45484	9708285
turkey	22	39	35059	13724191
turkey	23	40	19178	6526171
turkey	23	41	6577308	6675142
turkey	24	42	8198	4088865
turkey	25	43	38817	5591360
turkey	26	44	13226	6376899
turkey	27	45	17338	1398278
turkey	28	46	8050	4972922
turkey	29	47	30958	2013204
turkey	29	48	2037864	2196490
turkey	29	49	2239194	4318172
turkey	3	50	109939	8216795
turkey	3	51	8230067	25333496
turkey	3	52	25618579	85880719
turkey	3	53	87808304	92925658
turkey	3	54	93172757	93210737
turkey	30	55	10491	4604623
turkey	4	56	98654	31171958
turkey	4	57	31170717	48011625
turkey	4	58	48181857	49427377
turkey	4	59	49421203	63181686
turkey	4	60	63275795	66870232
turkey	4	61	68095927	69729089
turkey	5	62	2663	21620216
turkey	5	63	21643079	24380684
turkey	5	64	24684971	56127104
turkey	5	65	56129143	56248095
turkey	5	66	56930034	57599243
turkey	6	67	56277	16369870
turkey	6	68	16371164	49487510
turkey	6	69	49699769	50658240
turkey	7	70	10001	35976964
turkey	8	71	118015	34681939
turkey	9	72	12	18879450
turkey	Z	73	94014	26202305
turkey	Z	74	26223234	51613770
turkey	Z	75	51671158	68320095
zebra_finch	1	0	34955	26020143
zebra_finch	1	1	26109785	28378186
zebra_finch	1	2	28387349	65333810
zebra_finch	1	3	65640297	80589012
zebra_finch	1	4	80857723	82919550
zebra_finch	1	5	83174935	90024689
zebra_finch	1	6	90406248	98412646
zebra_finch	1	7	98644349	100864632
zebra_finch	1	8	101102132	111845388
zebra_finch	1	9	111978109	114388664
zebra_finch	1	10	114397752	114536078
zebra_finch	10	11	33682	21736480
zebra_finch	11	12	20524	19315280
zebra_finch	11	13	19469909	20608333
zebra_finch	12	14	58669	20183610
zebra_finch	12	15	20167582	20404372
zebra_finch	13	16	33925	18115796
zebra_finch	13	17	18116831	18255511
zebra_finch	14	18	20587	14509849
zebra_finch	14	19	14510443	16647380
zebra_finch	15	20	181	14326282
zebra_finch	16	21	21117	1214538
zebra_finch	17	22	54142	11674821
zebra_finch	18	23	30502	5645002
zebra_finch	18	24	5685346	10378066
zebra_finch	18	25	10624664	10861373
zebra_finch	19	26	5595	8283625
zebra_finch	19	27	8252935	8408130
zebra_finch	1A	28	6738	49655122
zebra_finch	1A	29	49664115	70414073
zebra_finch	2	30	33893	21102276
zebra_finch	2	31	21242748	49657049
zebra_finch	2	32	49667732	122128258
zebra_finch	2	33	122189721	125034735
zebra_finch	2	34	126029454	147378316
zebra_finch	2	35	147452248	150685629
zebra_finch	20	36	114231	15251829
zebra_finch	20	37	15296180	15658294
zebra_finch	21	38	16031	8861115
zebra_finch	22	39	17980	5439869
zebra_finch	23	40	22953	6788448
zebra_finch	24	41	49444	7663326
zebra_finch	25	42	15763	3007847
zebra_finch	26	43	54923	6859187
zebra_finch	27	44	38164	4034829
zebra_finch	27	45	4192882	4464373
zebra_finch	27	46	4480759	5424891
zebra_finch	28	47	12	6079130
zebra_finch	29	48	3020	4204529
zebra_finch	3	49	18920	4265947
zebra_finch	3	50	4270202	30772583
zebra_finch	3	51	31365580	66976281
zebra_finch	3	52	67045778	94429134
zebra_finch	3	53	94485646	100432385
zebra_finch	3	54	100689309	105343133
zebra_finch	3	55	105518567	107237611
zebra_finch	3	56	108015554	113203083
zebra_finch	30	57	39509	6057221
zebra_finch	4	58	50033	23774494
zebra_finch	4	59	23789798	43818124
zebra_finch	4	60	43941863	68168726
zebra_finch	4	61	68690454	70526962
zebra_finch	4A	62	9723	19696334
zebra_finch	5	63	38321	9598099
zebra_finch	5	64	9626182	23819383
zebra_finch	5	65	24169396	61153620
zebra_finch	6	66	991815	35643725
zebra_finch	7	67	33302	37745339
zebra_finch	7	68	37755883	38006794
zebra_finch	8	69	25002	32261242
zebra_finch	8	70	32282409	32500859
zebra_finch	9	71	110928	6804541
zebra_finch	9	72	6804553	25555724
zebra_finch	Z	73	12271	69266755
zebra_finch	Z	74	69478419	75116424
